<?xml version="1.0" encoding="UTF-8" standalone="yes"?>
<dataset>
    <definition>
        <id>hh_sample</id>
        <title>Household sample</title>
        <datasetType>SERVER</datasetType>
        <fieldNames>hhid_key,address,hoh_name,team</fieldNames>
        <formLinks>
            <formLink>
                <formId>sampledsb_hhsurvey</formId>
            </formLink>
        </formLinks>
        <dataLinks>
            <dataLink>
                <dataLinkClass>FORM</dataLinkClass>
                <dataLinkType>INCOMING</dataLinkType>
                <linkObjectId>sampledsb_listing</linkObjectId>
                <fieldMap>{"hhid":"hhid_key","address":"address","hoh_name":"hoh_name","survey_team":"team"}</fieldMap>
                <joiningField>hhid</joiningField>
                <relevanceField>in_sample</relevanceField>
            </dataLink>
        </dataLinks>
    </definition>
    <instance>
        <version>1</version>
    </instance>
</dataset>
