<?xml version="1.0" encoding="UTF-8" standalone="yes"?>
<dataset>
    <definition>
        <id>bc_sample</id>
        <title>Backcheck sample</title>
        <datasetType>SERVER</datasetType>
        <fieldNames>hhid_key,survey_date,address,hoh_name,hoh_age</fieldNames>
        <formLinks>
            <formLink>
                <formId>sampledsb_bcsurvey</formId>
            </formLink>
        </formLinks>
        <dataLinks>
            <dataLink>
                <dataLinkClass>FORM</dataLinkClass>
                <dataLinkType>INCOMING</dataLinkType>
                <linkObjectId>sampledsb_hhsurvey</linkObjectId>
                <fieldMap>{"hhid":"hhid_key","survey_date":"survey_date","address":"address","hoh_name":"hoh_name","hoh_age":"hoh_age"}</fieldMap>
                <joiningField>hhid</joiningField>
                <relevanceField>bc_selected</relevanceField>
            </dataLink>
        </dataLinks>
    </definition>
    <instance>
        <version>1</version>
    </instance>
</dataset>
